Name,Email,Company Name,Contact Number
Alice Calleija,info@rindean.com.au,Rindean Quarry,0476 633 388
Tim Mcloughlin,sales@walkerquarries.com.au,Walker Quarries,0408 364 810
Kevin Dowling | Tayne Wilson,info@wscquarries.com.au | taynew@wsc.com.au | accounts@wsc.com.au,WSC Quarries,0422722622| Office: 02 4761 6161
Zoe Muscat,info@gsrc.com.au,Gow Street Recycling Centre,(02) 9709 2773
Internal Sales,sales@bcsands.com.au,BC Sands,(02) 8543 3401
Internal Sales,turtle@turtlenursery.com.au,Turtle Nursery & Landscape Supplies ,02 9629 2299 / 02 4574 3299
Internal Sales,sales@elitegroup.sydney,Elite Group,1300 935 483
Internal Sales,sales@acelandscapes.com.au,Ace Landscapes,(02) 9450 2215
Internal Sales,info@kincumbersand.com.au,Kincumber Sand & Soil,(02) 4368 1252
Internal Sales,sales@fourseasonsnursery.com.au,Four Seasons Nursery,02 9450 1606
Internal Sales,admin@northshorecementandsand.com.au,Northshore Sand & Cement,(02) 9948 3905
Tony Furey,darwinblockcompany@bigpond.com,Darwin Block Company (Humpty Doo),0417 913 868
Internal Sales,info@paradisegroupnt.com.au,Paradise Group – Landscape Supplies & Nursery,(08) 8947 2447
Internal Sales,PalmerstonWH@bunnings.com.au,Bunnings Warehouse,(08) 7972 5900
Internal Sales,office@ruralgardensupplieshumptydoo.com,Rural Garden Supplies Humpty Doo,(08) 8988 5880
Internal Sales,info@shukerfarm.com.au,Shuker Farm Mulch Hay (Darwin River),(08) 8988 6266
Internal Sales,ops@ttlnt.com,NT Hauliers,08 8947 0300
Josie Brocksopp,admin@peelresource.com.au,Peel Resource Recovery – Pinjarra,(08) 9531 3111
Internal Sales,josh@capitalperth.com.au,Capital Recycling – Welshpool,(08) 9355 2511
Internal Sales,josh@capitalperth.com.au,Capital Recycling – Postans,0499 789 117
Internal Sales,info@hals.com.au,HALS Tasmania (Horticultural & Landscape Supplies),03 6263 4688
Internal Sales,hayley@bestmixgarden.com.au,Best Mix Garden Supplies,03 6244 6333
Internal Sales,goodswaterdelivery@gmail.com,Goods Landscaping & Water Deliveries,419124813
Internal Sales,sales@stonemans.com.au,Stoneman's Garden Centre (Glenorchy),03 6273 0611
Internal Sales,info@tasmulch.com.au,TasMulch (Longford),(03) 6391 2382
Internal Sales,glebegardenslaunceston@hotmail.com,Glebe Gardens Landscape Supplies (Launceston),(03) 6334 5335
Internal Sales,admin@elstas.com.au,Edwards Landscaping Supplies (Wynyard),(03) 6442 1747
Ross Crunden,ross.crunden@castellaquarries.com.au,Castella Quarries,"T: 5962 9080
 M: 0459 777 520"
Leigh Cootes,paul@cootesquarryproducts.com.au,Cootes Quarry,(03) 5940 8851
Jessie Ellingsen,jessie@langwarrinquarries.com.au,Langwarrin Quarries,0487 588 390
Darby Lee,darby.lee@moyne.vic.gov.au,Mt Shadwell Quarry,03 5568 0506
Internal Sales,info@werribeesandsoilminimix.com.au,Werribee Sand-Soil & Mini Mix Concrete,03 9360 9277
Internal Sales,mcsgroupvic@gmail.com,Melbourne's Cheapest Soils,12345678
Tina Skliros,sales@vicbluestone.com.au,Victorian Bluestone Quarries,03 9314 4700
Marco Keith,info@hy-tec.com.au,Hy-Tec Concrete & Aggregates,0408 225 921
Marie Low,Marie.low@Boral.com.au,Boral West Burleigh Quarry,0438 161 118
Kane Hauser,KaneHauser@nugrow.com.au,NuGrow,0407 582 697
Internal Sales,info@nuway.com.au,Nuway Landscape Supplies Pavers & Walls,61 7 3808 8442
Internal Sales,Online@westernlandscape.com.au,Western Landscape Supplies,(07) 3372 8380
Internal Sales,redlandsoils@outlook.com,"Redland Soil, Sand & Gravel",0408 195 952
Internal Sales,sales@logansoils.com.au,Logan Soils & Landscape Supplies,0408 292 951
Internal Sales,info@cobblepatch.com.au,Cobble Patch,(07) 5547 7600
Internal Sales,sales@hunmac.com.au,SEQ Landscape Supplies,0731 063 326
Internal Sales,info@hunmac.com.au,HUNMAC Landscape Supplies,411149905
Internal Sales,info@gardenscapeslandscapesupplies.com.au,Gardenscapes Landscape Centre,07 5498 5200 / 07 3888 3740
Internal Sales,info@smartstonelandscapesupplies.com.au,Smart Stone Landscape Supplies,(07) 3807 5355
Internal Sales,info@ahgs.com.au,Adelaide Hills Garden Supplies,08 8388 1757
Internal Sales,info@salandscapesupplies.com.au,SA Landscape Supplies,08 7561 3797
Internal Sales,info@buttroselandscapegardensupplies.com.au,Buttrose Landscape & Garden Supplies,8522 6022
Internal Sales,josh@capitalperth.com.au,Capital Recycling,9279 4599 / 0458 708 732
Internal Sales,info@canberrasandgravellandscapes.com.au,Canberra Sand & Gravel Landscape,(02) 6260 1365
Internal Sales,info@corkhillbros.com.au,Corkhill Bros,6239 7200
Internal Sales,info@stonehengegardenlandscapecentre.com.au,Stonehenge Garden & Landscape Centre (Beltana),61 2 6248 906
Internal Sales,info@canberraconstructionrecyclers.com.au,Canberra Construction Recyclers,61 2 6249 742