Supplier Name,Address (Google Address Only),Radius (KM),Lattitude ( optional ) ,Longitude (optional)
Rindean Quarry,"620 Wisemans Ferry Rd Somersby, NSW 2250 AUS",83.4,"33°22'29.0""S","151°17'32.3""E"
Walker Quarries,"963 Great Western Highway, Marrangaroo NSW 2790",150,"33°26'00.0""S","150°04'27.3""E"
WSC Quarries,"Marulan NSW 2579, Australia",165,,
Gow Street Recycling Centre,"81 Gow Street, Padstow, NSW, 2211",25,"33°56'15.5""S","151°01'57.4""E"
BC Sands,"26 Atkinson Rd, Taren Point",26,"34°01'25.9""S","151°07'47.5""E"
Turtle Nursery & Landscape Supplies,"Windsor &, Rouse Rd, Rouse Hill NSW 2155, Australia",44,"33°41'01.0""S","150°54'57.9""E"
Four Seasons Nursery,"4 Harford St, Jamisontown, NSW, 2750",55,"33°45'50.5""S","150°41'11.0""E"
Ace Landscapes,"190 Forest Way, Belrose NSW 2085, Australia",22,"33°43'09.6""S","151°13'04.4""E"
Kincumber Sand & Soil,"4 Kerta Rd, Kincumber NSW 2251, Australia",96,"33°28'25.9""S","151°23'35.8""E"
Four Seasons Nursery,"1/200 Forest Way, Belrose NSW 2085, Australia",22,,
Northshore Sand & Cement,"20 Roseberry Street, Balgowlah, NSW 2093",25,"33°47'17.7""S","151°16'06.0""E"
Darwin Block Company (Humpty Doo),"15 Spencely Rd, Humpty Doo NT 0836, Australia",39,"12°35'08.4""S","131°05'51.7""E"
Paradise Group – Landscape Supplies & Nursery,"Knuckey Lagoon, Northern Territory, Australia",16,"12°26'03.3""S","130°57'11.1""E"
Bunnings Warehouse,"Cnr Stuart Highway &, Tulagi Rd, Palmerston City NT 0830, Australia",20,"12°28'10.7""S","130°59'30.1""E"
Rural Garden Supplies Humpty Doo,"Humpty Doo, Northern Territory, Australia",40,"12°34'41.3""S","131°07'41.5""E"
Shuker Farm Mulch Hay (Darwin River),"1055 Mira Road South, Darwin River, N.T. 0841",69,"12°51'20.4""S","130°56'20.5""E"
NT Hauliers,"GPO Box 4511, Darwin NT 0801",13,"12°26'15.9""S","130°55'31.7""E"
HALS Tasmania (Horticultural & Landscape Supplies),"45 Crooked Billet Drive, Brighton TAS",24,"42°43'00.9""S","147°13'55.9""E"
Best Mix Garden Supplies,"124 Mornington Road, TAS 7018",10,"42°51'41.6""S","147°24'24.5""E"
Goods Landscaping & Water Deliveries,"26 Lewisham Scenic Dr, Lewisham TAS 7173, Australia",33,"42°49'18.9""S","147°36'35.8""E"
Stoneman's Garden Centre (Glenorchy),"94 Grove Rd, Glenorchy TAS 7010, Australia",10,"42°49'39.8""S","147°16'25.9""E"
TasMulch (Longford),"73 Wellington St, Longford TAS 7301, Australia",188,"41°35'41.7""S","147°07'24.3""E"
Glebe Gardens Landscape Supplies (Launceston),"166 Henry St, Launceston TAS 7250, Australia",204,"41°25'33.6""S","147°09'18.5""E"
Edwards Landscaping Supplies (Wynyard),"6 Lewis St, Wynyard TAS 7325, Australia",345,"40°59'31.7""S","145°43'16.3""E"
Hy-Tec Concrete & Aggregates,"Pier 32 South Wharf, 469-591 Lorimer St, Port Melbourne VIC 3207, Australia",5.3,,
Hy-Tec Concrete & Aggregates,"257-265 Dohertys Rd, Laverton North VIC 3026, Australia",19.3,,
Hy-Tec Concrete & Aggregates,"221 Northbourne Rd, Campbellfield VIC 3061, Australia",30.2,,
Hy-Tec Concrete & Aggregates,"16 Baldwin Dr, Somerton VIC 3062, Australia",32.5,,
Hy-Tec Concrete & Aggregates,"44 Thornton Cres, Mitcham VIC 3132, Australia",26.6,,
Hy-Tec Concrete & Aggregates,"199 Liverpool Rd, Kilsyth VIC 3137, Australia",39.2,,
Hy-Tec Concrete & Aggregates,"Cnr South Gippsland Hwy and, Abbotts Rd, Dandenong VIC 3175, Australia",42.7,,
Castella Quarries,"2900 Melba Hwy, Castella VIC 3777, Australia",74.3,"37°28'50.6""S","145°25'41.2""E"
Cootes Quarry,"50 Mary St, Pakenham VIC 3810, Australia",60.3,"38°03'41.9""S","145°27'39.6""E"
Langwarrin Quarries,"Gate 1/165 Quarry Rd, Langwarrin VIC 3910, Australia",57.2,"38°07'16.7""S","145°11'36.7""E"
Mt Shadwell Quarry,"104 Mortlake-Ararat Rd, Mortlake VIC 3272, Australia",220,"38°03'09.5""S","142°48'58.9""E"
Werribee Sand-Soil & Mini Mix Concrete,"379-385 Old Geelong Rd, Hoppers Crossing VIC 3029",27,,
Melbourne's Cheapest Soils,"Bonnie Brook, Victoria 3335, Australia",39.8,,
Victorian Bluestone Quarries,"410-422 Francis St, Brooklyn VIC 3012, Australia",11.7,,
Hy-Tec Concrete & Aggregates,"60 Gregg St, Pinkenba QLD 4008, Australia",11.7,,
Hy-Tec Concrete & Aggregates,"42-48 Fishermans Rd, Kuluin QLD 4558, Australia",103,,
Hy-Tec Concrete & Aggregates,"27 Production Ave, Warana QLD 4575, Australia",94.2,,
Hy-Tec Concrete & Aggregates,"5 Beerwah Parade, Beerwah QLD 4519, Australia",72.6,,
Hy-Tec Concrete & Aggregates,"1865 D'Aguilar Hwy, Wamuran QLD 4512, Australia",72.9,,
Hy-Tec Concrete & Aggregates,"664 Old Gympie Rd, Narangba QLD 4504, Australia",36.5,,
Hy-Tec Concrete & Aggregates,"143 North St, Harlaxton QLD 4350, Australia",134,,
Hy-Tec Concrete & Aggregates,"1020 Atkinsons Dam Rd, Coominya QLD 4311, Australia",95.9,,
Hy-Tec Concrete & Aggregates,"51 Noblevale Way, Swanbank QLD 4306, Australia",42.1,,
Hy-Tec Concrete & Aggregates,"61 Radius Dr, Larapinta QLD 4110, Australia",31.8,,
Hy-Tec Concrete & Aggregates,"34 Computer Rd, Yatala QLD 4207, Australia",42.3,,
Hy-Tec Concrete & Aggregates,"13 Bee Ct, Burleigh Heads QLD 4220, Australia",87.4,,
Boral West Burleigh Quarry,"Burleigh Rd, Burleigh Heads QLD 4220, Australia",88,"28°05'53.4""S","153°25'09.6""E"
NuGrow,"Lot 3 Memorial Dr, Ipswich QLD 4306",45.7,,
NuGrow,"100 Zipfs Road, Alberton QLD 4207",42.8,,
Nuway Landscape Supplies Pavers & Walls,"2630 Old Cleveland Rd, Chandler QLD 4155",17.7,,
Nuway Landscape Supplies Pavers & Walls,"488 Loganlea Rd, Slacks Creek QLD 4127",26.8,,
Nuway Landscape Supplies Pavers & Walls,"650 Southport Nerang Rd, Ashmore QLD 4214",70.9,,
Nuway Landscape Supplies Pavers & Walls,"249 Cleveland - Redland Bay Rd, Thornlands QLD 4164",34.1,,
Nuway Landscape Supplies Pavers & Walls,"1823 Anzac Ave, Mango Hill QLD 4509",41.3,,
Nuway Landscape Supplies Pavers & Walls,"12 Jennifer St, Seventeen Mile Rocks QLD 4034",16.1,,
Nuway Landscape Supplies Pavers & Walls,"2/16 Stapylton Road(Cnr of, Johnson Rd, Forestdale QLD 4118",30.8,,
Nuway Landscape Supplies Pavers & Walls,"8a/1 Commerce Pl, Burpengary QLD 4505, Australia",51.3,,
Nuway Landscape Supplies Pavers & Walls,"93 S Pine Rd, Brendale QLD 4500",24.8,,
Nuway Landscape Supplies Pavers & Walls,"7 Eggersdorf Rd, Ormeau QLD 4208",44.3,,
Nuway Landscape Supplies Pavers & Walls,"168 Crosby Hill Rd, Tanawha QLD 4556",102,,
Western Landscape Supplies,"72 Bowhill Rd, Willawong QLD Australia 4110",18.8,,
"Redland Soil, Sand & Gravel","Capalaba, Queensland 4157, Australia",22.6,,
Logan Soils & Landscape Supplies,"Bayside Soils, 557 Mount Cotton Rd, Sheldon QLD 4157, Australia",26.2,,
Cobble Patch,"Lot 26 Millstream Road, Jimboomba QLD 4280",50.9,,
SEQ Landscape Supplies,"1 Quarry Road, Stapylton Queensland 4207, Australia",38.7,,
HUNMAC Landscape Supplies,"Ipswich, Brisbane",43.7,,
Gardenscapes Landscape Centre,"286 Oakey Flat Rd, Morayfield Qld 4506",54.4,,
Gardenscapes Landscape Centre,"132 Deception Bay Rd, Deception Bay Qld 4508",45.9,,
Smart Stone Landscape Supplies,"145 Beaudesert Beenleigh Rd, Mount Warren Park QLD 4207, Australia",37.7,,
Adelaide Hills Garden Supplies,"820 Mount Barker Road, Verdun 5155",23.5,,
SA Landscape Supplies,"32 Gates Rd , Hackham, SA 5163",33.6,,
SA Landscape Supplies,"5 Sims St, Reynella, SA 5161",20.3,,
SA Landscape Supplies,"72 How Rd Aldinga Beach SA, Australia 5173",45.1,,
SA Landscape Supplies,"26 Circuit Drive, West Lakes Blvd, Hendon SA 5014",12.4,,
Capital Recycling,"39 Briggs St, Welshpool WA 6106",17,"31°59'17.7""S","115°55'21.8""E"
Capital Recycling,"119 McLaughlan Rd, Postans WA 6167",25,"31°59'57.5""S","115°58'16.3""E"
Buttrose Landscape & Garden Supplies,"18 Kellys Road, WILLASTON GAWLER South Australia",55,,
Canberra Sand & Gravel Landscape,"150 Parkwood Rd, Holt ACT 2615, Australia",19.8,,
Canberra Sand & Gravel Landscape,"50 Vicars St, Mitchell ACT 2911, Australia",9.6,,
Canberra Sand & Gravel Landscape,"4 Johns Pl, Hume ACT 2620, Australia",16.3,,
Corkhill Bros,"Mugga Ln, Symonston ACT 2609, Australia",12.1,,
Corkhill Bros,"33 Darling St, Mitchell ACT 2911, Australia",9.1,,
Corkhill Bros,"67 Sawmill Cct, Hume ACT 2620, Australia",18,,
Stonehenge Garden & Landscape Centre (Beltana),"8 Beltana Rd, Canberra Australian Capital Territory 2609",5.6,,
Canberra Construction Recyclers,"384 Pialligo Ave, Canberra Australian Capital Territory 2609",8.9,,